timestamp,open,high,low,close,volume
1771142400.0,70828.43,70983.0,70182.31,70295.22,2073.25418
1771156800.0,70295.22,70418.48,68772.2,69099.99,3852.56524
1771171200.0,69100.0,69100.0,68000.0,68286.63,8139.52235
1771185600.0,68286.64,69078.49,68120.0,68832.58,1712.6248
1771200000.0,68832.59,69065.5,68143.22,68424.82,1757.09824
1771214400.0,68424.82,68900.0,68228.76,68587.9,1421.8609
1771228800.0,68587.89,69060.77,68338.9,68812.83,1609.09509
1771243200.0,68812.84,70126.67,67294.11,67539.52,6563.57157
1771257600.0,67539.53,68245.34,67513.94,67913.43,2266.56859
1771272000.0,67913.44,68978.88,67827.11,68892.43,1897.57095
1771286400.0,68892.43,69241.5,68387.2,68474.9,1970.0963
1771300800.0,68474.9,68707.49,67892.0,68388.12,1507.90265
1771315200.0,68388.12,68479.17,67690.0,67854.6,1702.22977
1771329600.0,67854.6,68360.5,66621.06,67392.05,5962.49538
1771344000.0,67392.06,68235.39,66881.08,67793.32,4203.96684
1771358400.0,67793.32,67928.08,67394.0,67503.52,1142.37827
1771372800.0,67503.52,67705.65,66892.03,67629.11,1226.88759
1771387200.0,67629.1,68219.81,67500.1,68106.44,1433.81961
1771401600.0,68106.44,68476.22,67076.9,67369.75,1922.15458
1771416000.0,67369.75,68347.72,66717.3,67694.01,4330.13695
1771430400.0,67694.01,67706.94,65870.0,66177.14,4311.92393
1771444800.0,66177.15,66550.0,66053.6,66461.0,2267.51573
1771459200.0,66461.0,66997.07,66345.0,66980.91,1337.23292
1771473600.0,66980.91,67320.0,66679.76,67206.45,1593.15988
1771488000.0,67206.45,67206.45,66478.02,66496.02,1879.33579
1771502400.0,66496.03,66755.39,65631.83,66398.0,4451.59374
1771516800.0,66398.01,67198.1,65899.25,67050.0,3411.99791
1771531200.0,67050.0,67168.86,66652.34,67003.73,1868.94964
1771545600.0,67003.73,67488.67,66949.41,67366.25,1472.92111
1771560000.0,67366.25,68006.0,67115.38,67825.91,2411.4783
1771574400.0,67825.91,68318.39,67280.6,67318.41,3414.63472
1771588800.0,67318.41,68083.98,66280.2,67582.95,16088.45139
1771603200.0,67582.95,68000.0,66952.11,67646.03,9574.1468
1771617600.0,67646.03,68233.99,67520.3,68020.01,2390.23859
1771632000.0,68020.0,68099.54,67534.69,67667.77,1582.09541
1771646400.0,67667.77,67924.39,67593.99,67856.01,716.23217
1771660800.0,67856.01,68314.54,67807.3,68092.45,1384.49772
1771675200.0,68092.45,68698.7,67915.0,68615.0,1818.30536
1771689600.0,68615.01,68658.5,68101.78,68543.51,1410.16439
1771704000.0,68543.51,68605.63,67900.0,67975.93,1121.54626
1771718400.0,67975.93,68222.16,67809.78,68041.43,1114.48202
1771732800.0,68041.42,68178.79,67881.81,68005.3,923.792
1771747200.0,68005.3,68245.0,67912.02,68219.97,733.14137
1771761600.0,68219.97,68232.4,67303.5,67684.14,2531.23331
1771776000.0,67684.15,67718.13,67190.0,67428.32,1575.66204
1771790400.0,67428.32,67751.44,67350.0,67643.4,1296.8241
1771804800.0,67643.39,67684.86,64290.71,64934.17,11022.665
1771819200.0,64934.18,66015.22,64685.64,65958.94,4119.82727
1771833600.0,65958.94,66600.0,65565.78,66207.23,3194.00092
1771848000.0,66207.23,66511.51,65529.73,65660.1,3796.34009
1771862400.0,65660.1,65724.28,64048.71,64295.1,7179.94577
1771876800.0,64295.11,65035.98,63888.79,64656.02,3763.13018
1771891200.0,64656.01,65026.75,63342.9,63595.51,4752.76382
1771905600.0,63595.51,63628.52,62700.8,63192.96,4939.8898
1771920000.0,63192.79,63444.66,62908.92,63227.1,2234.59315
1771934400.0,63227.11,64031.76,62510.28,63973.97,5539.65443
1771948800.0,63973.98,64743.11,63689.54,64435.03,3972.72259
1771963200.0,64435.03,64591.99,63820.5,64058.15,1663.21243
1771977600.0,64058.15,66310.0,63913.27,65391.73,5187.17213
1771992000.0,65391.74,65650.0,64755.26,65028.3,2632.47033
1772006400.0,65028.3,65692.62,64955.79,65430.04,1997.89784
1772020800.0,65430.04,67578.0,65324.62,67412.33,7879.83719
1772035200.0,67412.32,69550.0,67404.0,69038.26,8300.46334
1772049600.0,69038.26,69988.83,67600.0,67988.04,4752.15176
1772064000.0,67988.04,68700.0,67727.52,68216.86,2995.4703
1772078400.0,68216.87,68860.0,67817.87,67825.04,2533.15622
1772092800.0,67825.05,68722.64,67792.0,68051.31,3268.6173
1772107200.0,68051.3,68303.83,66761.16,67382.0,5206.19537
1772121600.0,67382.0,67903.12,66500.0,67589.22,5230.45057
1772136000.0,67589.21,67831.11,67150.14,67485.18,1503.88816
1772150400.0,67485.19,67712.16,66885.0,67600.84,2159.8345
1772164800.0,67600.84,68216.8,67459.3,67690.6,3025.27268
1772179200.0,67690.6,68149.93,65960.01,66126.99,4904.69534
1772193600.0,66126.99,66344.9,65649.34,66095.4,5494.9383
1772208000.0,66095.4,66121.03,65113.72,65392.18,3875.92624
1772222400.0,65392.18,65953.2,64914.46,65872.1,1767.91718
1772236800.0,65872.09,66025.52,65721.13,65797.42,1045.74408
1772251200.0,65797.42,65818.44,63030.0,63826.0,5914.91449
1772265600.0,63825.99,64307.44,63372.1,63844.2,4734.32265
1772280000.0,63844.2,65360.51,63827.2,64841.18,4286.48357
1772294400.0,64841.17,66666.65,64681.81,66362.01,2999.13046
1772308800.0,66362.01,67760.0,66190.61,66973.26,3568.12124
1772323200.0,66973.26,68199.99,66042.72,67502.16,4690.36208
1772337600.0,67502.16,67612.14,66749.35,67141.39,3167.39554
1772352000.0,67141.4,67292.3,66215.71,66468.03,3250.92047
1772366400.0,66468.04,67360.57,66132.27,66842.42,3640.03253
1772380800.0,66842.42,67112.37,65699.98,65962.17,3900.17922
1772395200.0,65962.16,66491.43,65056.0,65776.47,4552.96875
1772409600.0,65776.48,67079.0,65761.04,66820.03,2940.58836
1772424000.0,66820.03,66995.64,65542.6,66007.52,3610.46533
1772438400.0,66007.8,66720.84,65654.54,66359.68,4361.76571
1772452800.0,66359.67,69617.74,65259.21,69130.2,10831.61306
1772467200.0,69130.2,70096.0,68576.18,68966.53,6828.10762
1772481600.0,68966.52,69539.77,68584.9,68830.06,3437.84423
1772496000.0,68830.06,69258.08,68210.71,68377.94,2362.09713
1772510400.0,68377.94,68617.42,67800.0,68172.8,3337.11294
1772524800.0,68172.79,68311.83,66340.14,67026.61,6082.75912
1772539200.0,67026.6,67973.2,66158.0,67725.81,5443.2888
1772553600.0,67725.82,68999.0,67473.09,68435.0,5484.70019
1772568000.0,68435.0,68860.0,67832.3,68338.0,2262.28362
1772582400.0,68338.01,68909.34,67400.0,67732.2,3814.8635
1772596800.0,67732.19,69668.0,67467.6,69493.13,5088.84069
1772611200.0,69493.14,71893.0,69098.91,71111.4,12146.09777
1772625600.0,71111.4,73479.75,70588.0,73396.88,11378.24344
1772640000.0,73396.87,74050.0,72541.69,73611.1,8665.00622
1772654400.0,73611.67,73716.0,72313.04,72666.77,3826.02448
1772668800.0,72666.77,73306.82,72336.76,72497.89,3122.96483
1772683200.0,72497.89,73081.08,71759.95,72055.5,4346.02458
1772697600.0,72055.5,73558.15,71757.17,72915.79,6262.38044
1772712000.0,72915.8,73063.38,71168.65,71652.77,5607.55823
1772726400.0,71652.77,71654.65,70645.47,70918.07,4306.65518
1772740800.0,70918.08,71572.3,70777.0,70890.72,2944.92927
1772755200.0,70891.02,71419.98,70344.03,71080.38,3031.93266
1772769600.0,71080.37,71192.76,70143.19,71056.44,3088.31108
1772784000.0,71056.44,71067.58,70184.01,70212.95,2441.15545
1772798400.0,70212.94,70341.76,68176.47,68504.71,8554.35815
1772812800.0,68504.71,68795.44,67744.78,68131.79,3324.41432
1772827200.0,68131.79,68440.92,67777.0,68114.02,2189.71556
1772841600.0,68114.02,68551.04,68060.6,68095.5,1736.7267
1772856000.0,68095.5,68147.73,67446.41,67842.67,2373.66763
1772870400.0,67842.67,68232.27,67720.98,68010.01,1490.07738
1772884800.0,68010.0,68085.41,67609.44,67877.45,1728.39414
1772899200.0,67877.45,67935.01,66915.26,67080.34,3059.42816
1772913600.0,67080.33,67483.05,67068.01,67262.91,2331.24914
1772928000.0,67262.91,67481.96,66833.58,67000.26,2883.43952
1772942400.0,67000.26,67465.11,66547.15,67319.91,2866.09804
1772956800.0,67319.9,68200.0,67156.93,67515.0,3303.40428
1772971200.0,67515.0,67650.94,66761.68,67218.23,4464.48396
1772985600.0,67218.23,67485.24,66745.54,67337.42,2550.26884
1773000000.0,67337.41,67609.08,65618.49,65971.2,5525.94437
1773014400.0,65971.2,67668.64,65821.97,67205.05,5224.01016
1773028800.0,67205.06,68069.29,66853.48,67555.13,3826.34806
1773043200.0,67555.13,68460.09,67344.45,67764.98,4105.57826
1773057600.0,67764.99,69480.0,67759.57,68863.66,7802.97956
1773072000.0,68863.67,69516.65,68179.12,68991.93,5039.37719
1773086400.0,68991.93,69145.28,68384.69,68432.16,2898.42807
1773100800.0,68432.16,70578.29,68391.41,69429.85,5314.5727
1773115200.0,69429.85,70546.74,69429.85,70406.01,4907.28195
1773129600.0,70406.01,71300.0,70369.0,70580.94,6270.5173
1773144000.0,70580.95,71777.0,69266.06,71346.16,7000.10748
1773158400.0,71346.17,71700.0,69739.0,70043.63,5504.97942
1773172800.0,70043.63,70417.3,69452.42,69948.63,3605.11841
1773187200.0,69948.64,70173.25,69488.7,69551.91,4402.46797
1773201600.0,69551.91,70281.87,69420.0,69648.29,3080.54464
1773216000.0,69648.28,69786.32,69150.28,69173.0,3538.73168
1773230400.0,69172.99,71091.18,68977.91,70227.91,7789.43505
1773244800.0,70227.92,71321.0,70161.78,70641.82,5738.49617
1773259200.0,70641.81,70950.0,70125.83,70191.86,2699.59991
1773273600.0,70191.86,70353.87,69226.52,69446.61,2576.17397
1773288000.0,69446.61,69865.98,69205.91,69826.19,2721.97342
1773302400.0,69826.19,70800.0,69580.0,70427.91,4649.38407
1773316800.0,70427.9,70660.69,69355.34,70334.88,6097.47646
1773331200.0,70334.89,70569.15,69770.85,70432.32,3616.058
1773345600.0,70432.33,70734.25,70013.17,70541.34,2336.09458
1773360000.0,70541.34,72000.0,70386.01,71405.75,5755.69452
1773374400.0,71405.76,71672.76,71180.19,71612.22,4181.63698
1773388800.0,71612.23,72575.98,71385.28,72228.82,5105.1507
1773403200.0,72228.81,73913.74,71736.34,71831.46,12303.83944
1773417600.0,71831.46,72249.99,70841.23,71189.95,5469.31306
1773432000.0,71189.96,71491.03,70559.02,70930.0,3180.98208
1773446400.0,70930.01,71185.23,70481.7,71081.3,3513.45361
1773460800.0,71081.31,71307.92,70317.0,70596.68,2929.58232
1773475200.0,70596.68,70784.38,70389.08,70751.42,2494.95824
1773489600.0,70751.42,70941.17,70501.0,70580.09,2537.57782
1773504000.0,70580.09,70740.34,70500.0,70700.0,686.93095
1773518400.0,70699.99,71253.17,70650.09,71211.95,854.74443
1773532800.0,71211.95,71634.08,70858.82,71363.14,2591.56425
1773547200.0,71363.13,71800.68,71330.66,71453.59,2377.69395
1773561600.0,71453.59,71940.49,71453.59,71839.42,2170.1455
1773576000.0,71839.41,71839.42,71263.99,71481.24,2095.3494
1773590400.0,71481.24,71989.93,71320.08,71549.94,1241.1248
1773604800.0,71549.94,73199.0,71433.75,72815.24,3561.42914
1773619200.0,72815.25,74330.34,72270.41,73573.32,5313.15699
1773633600.0,73573.31,74451.03,73385.18,73456.68,5517.22506
1773648000.0,73456.69,73838.76,72888.8,73552.77,3812.93394
1773662400.0,73552.78,74509.52,72990.52,73274.76,5744.41989
1773676800.0,73274.75,74418.6,73160.66,73963.0,4131.80846
1773691200.0,73963.0,74909.08,73863.2,74884.67,3889.98585
1773705600.0,74884.67,76000.0,74268.73,74463.98,6925.21053
1773720000.0,74463.98,74712.89,73784.0,74249.32,4918.92532
1773734400.0,74249.32,74452.97,73560.98,74033.11,3022.84272
1773748800.0,74033.1,74893.94,73399.19,73914.39,4507.55719
1773763200.0,73914.4,74800.0,73855.24,74512.17,3050.04683
1773777600.0,74511.21,74799.0,73871.74,73909.36,2096.68377
1773792000.0,73909.37,74672.34,73535.36,74446.14,2220.38681
1773806400.0,74446.14,74486.3,73700.01,73883.8,2292.66886
1773820800.0,73883.8,74281.33,72800.0,72952.85,3439.26859
1773835200.0,72952.85,72981.79,70857.21,71467.82,8373.20589
1773849600.0,71467.82,72000.5,70933.85,71072.38,4336.24884
1773864000.0,71072.38,71451.22,70500.0,71246.54,2731.10194
1773878400.0,71246.55,71613.79,70902.37,71215.39,2427.94963
1773892800.0,71215.39,71215.39,69478.51,70191.17,4492.82933
1773907200.0,70191.16,70560.91,69900.0,69952.75,3434.1741
1773921600.0,69952.75,70179.53,68793.35,69412.51,6707.39933
1773936000.0,69412.52,70596.42,69122.03,70271.99,3251.17683
1773950400.0,70272.0,70695.6,69718.23,69930.0,2051.28897
1773964800.0,69930.01,70809.43,69837.1,70729.92,2423.03588
1773979200.0,70729.93,70969.71,70160.06,70854.66,2609.94577
1773993600.0,70854.66,71367.0,70218.68,70478.71,3112.13588
1774008000.0,70478.71,70685.63,69480.0,69860.09,4715.91571
1774022400.0,69860.09,70190.18,69388.0,70177.86,3079.98123
1774036800.0,70177.85,70923.75,69754.71,70510.73,2180.15298
1774051200.0,70510.73,70826.0,70431.67,70657.35,1194.32406
1774065600.0,70657.35,70879.76,70617.05,70727.33,2717.2463
1774080000.0,70727.33,70753.79,70492.02,70652.72,2045.34328
1774094400.0,70652.73,71100.94,70453.09,70630.02,1644.14012
1774108800.0,70630.02,70652.64,70210.0,70396.0,1221.39503
1774123200.0,70396.01,70516.82,68571.42,68918.12,4574.71871
1774137600.0,68918.12,69588.79,68228.5,69339.99,4148.48971
1774152000.0,69340.0,69526.85,68892.93,68919.38,1759.92655
1774166400.0,68919.37,68990.67,68110.55,68217.95,2582.06971
1774180800.0,68217.94,69005.71,68199.04,68847.96,1809.03421
1774195200.0,68847.97,68885.53,68145.01,68199.93,1323.42339
1774209600.0,68199.93,68498.4,67360.66,67859.0,3220.84325
1774224000.0,67859.0,68585.12,67445.18,68074.6,2495.61558
1774238400.0,68074.6,68915.4,67502.48,68333.16,4814.40128
1774252800.0,68333.16,71499.0,67916.14,70122.15,9165.95784
1774267200.0,70122.15,71817.09,69671.95,70131.48,7343.07463
1774281600.0,70131.48,71246.01,70131.47,70679.05,3251.32187
1774296000.0,70679.04,70998.0,70404.39,70906.45,1264.71999
1774310400.0,70906.45,71099.96,70278.46,70542.9,2279.09671
1774324800.0,70542.9,71400.0,70119.06,71291.7,3689.3445
1774339200.0,71291.7,71368.61,70850.11,71157.77,2477.92852
1774353600.0,71157.77,71177.66,69507.34,69873.04,5583.13531
1774368000.0,69873.04,70001.92,68923.07,69377.33,3539.49609
1774382400.0,69377.33,70832.54,69296.15,70556.74,3133.42131
1774396800.0,70556.74,71100.28,70408.0,70716.7,2504.53992
1774411200.0,70716.7,71345.0,70703.83,70926.88,2879.13545
1774425600.0,70926.88,72026.09,70800.0,71678.97,3287.51237
1774440000.0,71678.97,71963.71,70530.47,70832.99,4210.48461
1774454400.0,70832.99,71752.88,70681.07,70883.31,2995.16787
1774468800.0,70883.32,71594.11,70646.34,71336.53,1842.66044
1774483200.0,71336.53,71436.82,70672.37,70921.47,2157.03878
1774497600.0,70921.47,70921.47,69805.0,70087.44,3434.08444
1774512000.0,70087.44,70144.44,69192.96,69276.01,3321.72857
1774526400.0,69276.01,69877.45,68632.4,69082.64,4699.85538
1774540800.0,69082.64,69162.0,68153.0,68534.36,4026.59411
1774555200.0,68534.37,69478.42,68436.74,68820.31,3181.1564
1774569600.0,68820.31,69179.05,68531.37,68767.51,2714.9612
1774584000.0,68767.5,68955.53,68304.14,68540.48,3934.07819
1774598400.0,68540.49,68635.07,66231.96,66702.78,7325.96218
1774612800.0,66702.78,66773.25,65730.17,66112.82,8273.04177
1774627200.0,66112.82,66290.0,65548.25,66040.66,3963.05735
1774641600.0,66040.65,66420.75,65817.44,66407.28,2392.59488
1774656000.0,66407.28,66520.46,65932.09,66240.0,2309.42704
1774670400.0,66240.0,66573.61,66110.0,66561.48,2351.82142
1774684800.0,66561.49,66570.09,66124.4,66319.47,1871.98665
1774699200.0,66319.46,67288.94,66240.87,67014.91,2726.87142
1774713600.0,67014.92,67096.77,66704.0,66916.52,1090.61096
1774728000.0,66916.52,67010.0,66283.38,66377.03,1111.68098
1774742400.0,66377.04,67130.5,66281.4,66912.0,1535.14396
1774756800.0,66912.0,66936.6,66556.78,66671.0,1351.87148
1774771200.0,66671.0,66988.01,66418.0,66816.28,1084.63055
1774785600.0,66816.29,66875.24,66334.37,66523.0,1436.58796
1774800000.0,66523.01,66665.05,66158.26,66348.62,994.8232
1774814400.0,66348.61,66793.83,65000.0,66010.93,3649.79869
1774828800.0,66010.93,67450.0,65800.59,67173.8,3701.61439
1774843200.0,67173.8,67800.0,67167.92,67624.39,2742.98319
1774857600.0,67624.39,68042.3,67360.41,67680.45,3383.09323
1774872000.0,67680.44,68169.65,67088.73,67629.4,4177.92296
1774886400.0,67629.4,67641.65,66233.13,66550.05,2673.9969
1774900800.0,66550.06,66994.17,66419.79,66797.37,1673.77908
1774915200.0,66797.38,68408.37,66544.51,67704.74,2940.06225
1774929600.0,67704.74,67979.38,67103.32,67367.69,3894.57803
1774944000.0,67367.7,67496.0,65998.05,66685.69,4187.99082
1774958400.0,66685.69,67767.87,66427.53,66736.8,4137.18923
1774972800.0,66736.79,68589.49,66729.28,67838.8,4391.49464
1774987200.0,67838.79,68410.3,67831.7,68284.48,2554.09165
1775001600.0,68284.49,68378.64,67578.75,68170.67,3175.60054
1775016000.0,68170.67,69310.0,68005.33,68692.0,4308.24633
1775030400.0,68692.0,68851.35,68389.21,68712.52,3486.85039
1775044800.0,68712.52,68965.0,67918.83,68918.52,4091.84986
1775059200.0,68918.52,69171.77,67939.28,68176.84,2610.209
1775073600.0,68176.84,68534.0,67964.48,68113.92,1347.43378
1775088000.0,68113.92,68653.38,66500.0,66576.25,4290.09553
1775102400.0,66576.25,66961.26,66217.07,66930.79,2994.81146
1775116800.0,66930.79,66930.79,66167.1,66220.28,2840.44212
1775131200.0,66220.28,67104.86,65712.12,66852.91,4983.19383
1775145600.0,66852.91,67430.99,66596.8,66975.99,3741.79932
1775160000.0,66976.0,67100.0,66731.08,66901.99,1353.1369
1775174400.0,66901.99,67000.0,66282.0,66579.97,2208.57089
1775188800.0,66579.98,67247.38,66416.68,67042.08,2873.22499
1775203200.0,67042.08,67288.0,66674.72,67017.44,1439.81595
1775217600.0,67017.43,67370.42,66508.1,66827.15,2358.77199
1775232000.0,66827.15,67069.0,66751.86,66885.74,1215.72021
1775246400.0,66885.73,66970.18,66826.13,66964.3,1333.02728
1775260800.0,66964.29,66968.28,66814.0,66832.18,803.20366
1775275200.0,66832.18,67052.99,66775.91,67014.96,1728.28038
1775289600.0,67014.95,67232.72,66918.0,67156.93,1347.31961
1775304000.0,67156.93,67562.93,67029.07,67383.66,1507.29551
1775318400.0,67383.66,67543.6,67265.0,67288.42,858.41299
1775332800.0,67288.42,67504.54,67186.62,67300.42,1129.00398
1775347200.0,67300.42,67307.28,66955.72,67145.98,1216.87122
1775361600.0,67145.98,67188.51,66611.66,66820.64,1903.42714
1775376000.0,66820.64,67150.0,66819.42,66999.0,1062.42874
1775390400.0,66998.99,67856.16,66680.57,67306.64,2736.41551
1775404800.0,67306.65,67560.45,67173.4,67361.01,965.55771
1775419200.0,67361.01,69136.2,67332.66,69034.18,3848.7672
1775433600.0,69034.18,69588.0,68776.61,69123.69,4502.91561
1775448000.0,69123.69,69354.26,68806.53,69115.91,2814.82721
1775462400.0,69115.91,70283.32,69081.88,69614.91,3999.04132
1775476800.0,69614.91,69973.25,69163.86,69968.87,3409.36539
1775491200.0,69968.87,70351.46,69282.02,69739.53,3175.25769
1775505600.0,69739.52,69974.08,68300.0,68853.66,2380.20322
1775520000.0,68853.66,69128.2,68273.34,68779.21,2422.31591
1775534400.0,68779.2,68981.83,68443.0,68624.61,1823.63549
1775548800.0,68624.6,69247.9,68071.96,68345.75,2273.58534
1775563200.0,68345.75,68633.87,67732.01,68168.1,4041.29436
1775577600.0,68168.11,69098.44,68085.01,69011.29,3817.42066
1775592000.0,69011.29,72761.0,69011.29,71924.22,9372.24485
1775606400.0,71924.22,72110.65,71240.99,71287.39,3370.06511
1775620800.0,71287.39,71941.42,71287.38,71627.59,3297.9557
1775635200.0,71627.59,71955.0,71407.77,71675.12,2214.64952
1775649600.0,71675.12,72857.0,70707.23,71310.0,6816.03917
1775664000.0,71309.99,71963.94,71019.0,71318.48,2617.29334
1775678400.0,71318.47,71748.0,70901.89,71069.93,1486.68343
1775692800.0,71069.93,71198.8,70466.0,70992.39,2645.29554
1775707200.0,70992.37,71116.0,70689.38,70982.01,2261.38499
1775721600.0,70982.01,71575.0,70865.42,71150.17,1825.96774
1775736000.0,71150.17,72358.0,70522.77,72141.99,4001.11726
1775750400.0,72142.0,72550.0,71729.66,72096.32,4013.80807
1775764800.0,72096.33,73145.0,71585.25,71787.97,3410.84799
1775779200.0,71787.98,72387.0,71573.35,71868.67,2706.87605
1775793600.0,71868.67,72267.89,71428.0,71481.85,2293.26674
1775808000.0,71481.85,72261.93,71426.15,72127.59,1565.72366
1775822400.0,72127.59,73289.96,71899.51,72460.51,5093.36163
1775836800.0,72460.52,73264.76,72387.41,73236.11,2498.15366
1775851200.0,73236.11,73434.0,72700.6,72962.7,3215.25114
1775865600.0,72962.71,73094.89,72670.0,72866.63,1637.40665
1775880000.0,72866.62,72954.28,72612.16,72745.38,1432.18692
1775894400.0,72745.38,72915.95,72617.75,72907.05,905.10314
1775908800.0,72907.05,72982.4,72513.09,72858.17,1133.77392
1775923200.0,72858.18,73790.0,72812.94,73687.15,2377.30473
1775937600.0,73687.16,73689.97,72907.4,73043.16,1585.16838
1775952000.0,73043.16,73137.24,71310.0,71593.19,4092.12587
1775966400.0,71593.18,71781.0,71417.22,71665.0,1969.72049
1775980800.0,71664.99,71805.85,71357.76,71468.55,1780.81611
1775995200.0,71468.54,71500.0,70604.07,70892.03,2361.32179
1776009600.0,70892.04,71222.58,70821.05,71084.18,991.98626
1776024000.0,71084.18,71452.0,70505.88,70740.98,2276.49749
1776038400.0,70741.56,71271.78,70615.3,70976.0,1886.6472
1776052800.0,70975.99,71144.0,70672.72,70813.88,2674.10149
1776067200.0,70813.88,70997.12,70566.99,70929.68,1023.04479
1776081600.0,70929.68,72464.28,70758.5,71866.59,5445.44909
1776096000.0,71866.59,73480.0,71679.8,73322.82,6766.75131
1776110400.0,73322.0,74900.0,73007.08,74417.99,6434.22237
1776124800.0,74418.0,74579.32,73954.86,74444.43,3586.04231
1776139200.0,74444.44,74924.64,74150.6,74546.0,3393.84035
1776153600.0,74545.99,74910.0,74307.35,74376.52,2697.70497
1776168000.0,74376.52,76038.0,74277.19,75317.07,9779.47075
1776182400.0,75317.06,75688.0,73795.47,74223.18,4920.10933
1776196800.0,74223.3,74434.33,73806.09,74131.55,2155.77685
1776211200.0,74131.55,74786.72,74126.32,74345.97,2142.74367
1776225600.0,74345.98,74434.51,73514.0,73730.43,3073.4123
1776240000.0,73730.43,74256.44,73675.96,74201.78,1889.67298
1776254400.0,74201.78,74506.84,73580.85,73844.08,2744.86135
1776268800.0,73844.07,75281.0,73762.89,75002.6,2728.37363
1776283200.0,75002.6,75425.0,74512.06,74809.99,1845.97774
1776297600.0,74809.99,75267.85,74451.49,74888.21,1937.97594
1776312000.0,74888.21,75174.38,74636.0,74707.03,2185.42777
1776326400.0,74707.02,74901.5,74277.34,74574.79,2687.27336
1776340800.0,74574.8,75030.39,73309.85,74697.19,5210.02393
1776355200.0,74697.2,75410.71,73912.23,75342.99,3497.56
1776369600.0,75343.0,75534.76,74789.5,75154.29,1570.42677
1776384000.0,75154.28,75154.77,74529.4,74615.82,2160.86835
1776398400.0,74615.82,75089.51,74555.12,75074.77,1339.49148
1776412800.0,75074.76,76370.25,74993.24,75589.7,4979.26567
1776427200.0,75589.7,78052.49,75531.97,77785.02,11844.17586
1776441600.0,77785.03,78333.0,77000.0,77393.58,3865.48754
1776456000.0,77393.58,77611.68,76911.0,77072.0,1752.07804
1776470400.0,77072.01,77420.08,76962.67,77005.47,1127.42699
1776484800.0,77005.47,77278.58,76884.1,76997.8,1126.90915
1776499200.0,76997.79,77048.0,75763.76,76039.05,2670.18059
1776513600.0,76039.06,76363.75,75797.53,76167.34,1672.54902
1776528000.0,76167.33,76211.57,75445.16,75649.85,1564.20833
1776542400.0,75649.86,75891.64,75599.64,75691.76,980.57048
1776556800.0,75691.76,75847.42,75357.0,75515.77,1006.37687
1776571200.0,75515.76,75782.63,74867.72,75252.34,1626.173
1776585600.0,75252.33,75641.99,74921.74,75604.11,1388.70023
1776600000.0,75604.11,76240.66,75401.44,75846.63,2918.88485
1776614400.0,75846.63,75853.26,74608.0,74965.47,2037.3962
1776628800.0,74965.46,74965.47,73762.9,73801.79,2392.29117
1776643200.0,73801.8,74746.93,73724.31,74634.0,2498.4367
1776657600.0,74634.01,75572.0,74095.18,74837.17,2480.55303
1776672000.0,74837.18,75404.63,74619.41,75192.71,1646.53372
1776686400.0,75192.72,75772.72,74702.0,75716.77,3717.10765
1776700800.0,75716.78,76486.67,75289.92,76296.96,4186.21296
1776715200.0,76296.97,76558.62,75617.6,75840.97,2464.56628
1776729600.0,75840.97,76263.4,75474.77,75710.3,1612.43915
1776744000.0,75710.31,76300.0,75600.0,76084.34,2226.77918
1776758400.0,76084.34,76927.57,76063.98,76452.94,2659.19547
1776772800.0,76452.94,76595.3,75430.62,75834.65,3598.9457
1776787200.0,75834.66,76190.72,74821.57,75023.43,2902.15339
1776801600.0,75023.43,76425.37,74967.58,76336.15,1913.05843
1776816000.0,76336.14,77733.11,76132.95,77521.48,3427.92326
1776830400.0,77521.47,78452.18,77364.25,78012.79,4391.05885
1776844800.0,78012.78,78399.0,77941.59,78300.0,2316.44812
1776859200.0,78300.0,79400.0,78114.04,79272.9,5465.82641
1776873600.0,79272.91,79472.82,78632.37,78846.62,2393.5344
1776888000.0,78846.62,78915.84,78155.83,78178.23,1742.72121
1776902400.0,78178.22,78574.44,77453.43,77746.46,3482.97564
1776916800.0,77746.47,78339.35,77675.8,78048.62,1711.42731
1776931200.0,78048.61,78175.52,77174.01,77704.62,3562.23716
1776945600.0,77704.61,78662.5,77379.92,78376.76,3163.89025
1776960000.0,78376.77,78509.82,76960.0,77727.26,3947.74807
1776974400.0,77727.25,78331.0,77637.5,78257.48,1102.51658
1776988800.0,78257.48,78581.93,77555.0,77737.85,2050.74535
1777003200.0,77737.84,78057.65,77457.0,77644.6,2006.47598
1777017600.0,77644.59,78372.58,77402.01,78240.26,2919.1254
1777032000.0,78240.27,78479.37,77577.22,78038.62,2850.11432
1777046400.0,78038.63,78060.29,77363.63,77628.85,1634.32254
1777060800.0,77628.84,77757.14,77264.08,77437.13,1214.35956
1777075200.0,77437.13,77711.87,77309.92,77679.07,943.00804
1777089600.0,77679.08,77691.23,77450.0,77501.19,894.01774
1777104000.0,77501.19,77885.35,77491.36,77682.3,753.19705
1777118400.0,77682.29,77752.54,77299.89,77330.26,1006.59668
1777132800.0,77330.25,77454.31,77140.23,77330.01,1247.67486
1777147200.0,77330.0,77650.0,77311.05,77625.0,840.61983
1777161600.0,77625.0,77642.43,77326.51,77400.21,671.17692
1777176000.0,77400.21,78200.0,77383.46,78102.53,1405.76785
1777190400.0,78102.53,78210.0,77926.59,78101.44,721.69853
1777204800.0,78101.43,78173.15,77770.0,78049.0,1130.54235
1777219200.0,78049.0,78500.0,77850.0,78221.16,1505.06004
1777233600.0,78221.17,78961.0,77843.75,78657.55,2529.31593
1777248000.0,78657.55,79485.66,78400.03,79105.49,3042.99628
1777262400.0,79105.5,79160.0,77465.05,77606.6,3608.39615
1777276800.0,77606.59,77980.0,77553.23,77844.26,1607.93582
1777291200.0,77844.25,78265.34,76564.33,76793.09,3804.78309
1777305600.0,76793.1,76990.43,76459.64,76878.07,2644.9239
1777320000.0,76878.23,77450.0,76763.71,77371.32,1337.88894
1777334400.0,77371.32,77478.0,76672.0,76815.18,1448.26407
1777348800.0,76815.18,77154.0,76424.9,76879.28,2882.71195
1777363200.0,76879.28,77013.63,76130.1,76229.0,2842.73206
1777377600.0,76228.99,76421.94,75666.6,76066.38,3776.77215
1777392000.0,76066.37,76380.83,75881.28,76330.97,1381.80454
1777406400.0,76330.97,76481.3,76197.02,76342.77,878.43906
1777420800.0,76342.78,77127.62,76187.75,76994.78,1891.92924
1777435200.0,76994.77,77455.71,76880.0,77053.64,2974.5751
1777449600.0,77053.65,77904.93,76972.32,77590.03,2697.20554
1777464000.0,77590.04,77596.39,75705.32,75924.25,5263.52444
1777478400.0,75924.24,76274.8,74937.52,75563.86,3962.49362
1777492800.0,75563.87,76088.9,75497.43,75780.0,1490.20228
1777507200.0,75780.0,76473.26,75494.7,75928.1,1613.44526
1777521600.0,75928.09,76179.91,75323.65,76161.67,1807.58096
1777536000.0,76161.67,76339.38,75876.29,76059.43,1712.03014
1777550400.0,76059.42,76669.14,76042.75,76473.6,3506.19966
1777564800.0,76473.6,76514.8,76111.0,76412.8,930.96663
1777579200.0,76412.8,76568.9,76206.02,76346.57,811.59342
1777593600.0,76346.58,77453.74,76320.42,77131.08,2250.38749
1777608000.0,77131.08,77206.38,76653.6,77130.54,2352.39487
1777622400.0,77130.54,77600.0,77048.0,77463.98,1968.27324
1777636800.0,77463.98,78914.12,77408.73,78445.89,6731.19551
1777651200.0,78445.88,78683.23,78131.02,78360.0,2194.42574
1777665600.0,78360.01,78422.81,77752.0,78231.13,1818.78817
1777680000.0,78231.13,78514.82,78166.48,78400.0,1196.13639
1777694400.0,78399.99,78448.99,78040.0,78220.0,1475.03871
1777708800.0,78220.0,78394.0,78094.43,78143.08,868.1323
1777723200.0,78143.09,78487.68,78108.41,78487.67,726.08154
1777737600.0,78487.67,78596.61,78310.54,78486.0,708.03792
1777752000.0,78486.23,79199.48,78418.32,78686.85,1177.44956
1777766400.0,78686.84,78754.55,78108.75,78203.08,1047.76325
1777780800.0,78203.07,78483.67,78084.08,78363.25,794.16967
1777795200.0,78363.24,78849.22,78354.53,78656.01,948.77514
1777809600.0,78656.01,78878.77,78586.99,78668.36,1137.8563
1777824000.0,78668.36,78853.32,78558.65,78760.32,916.2637
1777838400.0,78760.32,79447.0,78484.42,78568.57,2580.96484
1777852800.0,78568.58,80458.0,78288.88,80316.31,5091.61332
1777867200.0,80316.3,80635.51,79500.0,79696.75,3632.41236
1777881600.0,79696.75,79930.0,78202.0,78793.67,5989.03806
1777896000.0,78793.67,80545.17,78500.0,80028.85,5918.14009
1777910400.0,80028.85,80776.99,79619.33,80053.31,3742.49503
1777924800.0,80053.31,80397.19,79744.91,79861.01,1669.26249
1777939200.0,79861.01,81083.98,79808.72,80893.08,2402.14099
1777953600.0,80893.08,81323.52,80725.0,80855.59,2974.59341
1777968000.0,80855.59,81095.48,80527.76,81014.05,2484.57226
1777982400.0,81014.05,81712.32,80932.54,81525.19,4561.19169
1777996800.0,81525.19,81680.0,81050.04,81606.35,1780.45876
1778011200.0,81606.35,81791.48,80790.0,80905.52,2744.22284
1778025600.0,80905.53,81760.84,80731.14,81581.69,3011.74344
1778040000.0,81581.7,81649.99,81060.0,81359.82,2300.70653
1778054400.0,81359.82,82850.0,81328.68,82522.89,5188.93186
1778068800.0,82522.88,82539.33,81136.0,81704.25,4508.6602
1778083200.0,81704.25,81907.51,81200.0,81464.87,2369.91746
1778097600.0,81464.86,81700.0,81000.0,81447.01,1418.81447
1778112000.0,81447.01,81490.03,80830.23,80834.91,2068.1731
1778126400.0,80834.92,81708.32,80725.09,81518.58,2038.83969
1778140800.0,81518.57,81590.0,80572.4,80866.65,2364.09693
1778155200.0,80866.65,81180.0,79699.52,79890.63,4826.66306
1778169600.0,79890.0,80269.06,79500.0,80146.11,3315.14425
1778184000.0,80146.77,80371.23,79582.95,80006.0,1541.88635
1778198400.0,80006.0,80142.84,79181.48,79578.85,3093.73664
1778212800.0,79578.84,79778.95,79248.58,79682.4,2410.56518
1778227200.0,79682.4,80340.94,79666.05,80231.22,2348.19703
1778241600.0,80231.22,80500.0,79549.54,80142.14,3741.40163
1778256000.0,80142.13,80299.99,79738.75,80179.94,3047.90033
1778270400.0,80180.0,80409.09,80089.76,80193.17,1359.50928
1778284800.0,80193.18,80550.67,80129.85,80383.95,1093.10948
1778299200.0,80383.96,80666.66,80135.0,80228.89,1481.48785
1778313600.0,80228.88,80452.44,80166.26,80345.46,1009.73824
1778328000.0,80345.47,80600.0,80234.0,80527.92,1439.92073
1778342400.0,80527.92,81080.0,80487.4,80938.53,1533.85565
1778356800.0,80938.53,80938.53,80621.88,80678.4,990.30982
1778371200.0,80678.41,80887.15,80572.77,80775.0,1332.26793
1778385600.0,80774.99,80840.0,80658.97,80736.03,1238.41638
1778400000.0,80736.03,80975.4,80691.0,80821.21,1108.70905
1778414400.0,80821.21,81442.81,80784.2,81418.01,1642.67937
1778428800.0,81418.01,81583.11,81148.0,81437.83,1798.22732
1778443200.0,81437.83,82479.32,80279.77,82210.07,4914.01877
1778457600.0,82210.07,82380.0,80525.0,80736.01,3139.85094
1778472000.0,80736.0,81049.51,80639.99,80740.4,1595.10256
1778486400.0,80740.4,81200.0,80621.87,81196.94,1639.3936
1778500800.0,81196.95,81458.0,80462.97,81445.9,2668.23418
1778515200.0,81445.89,82137.26,81344.72,81961.99,2673.46567
1778529600.0,81961.99,82078.91,81596.31,81745.65,1235.71361
1778544000.0,81745.66,81788.0,80714.28,81058.8,1860.32116
1778558400.0,81058.79,81305.24,80800.77,80865.4,1779.90239
1778572800.0,80865.4,80964.13,80496.57,80784.87,1973.06446
1778587200.0,80784.86,80999.0,80188.65,80336.01,3205.73752
1778601600.0,80336.01,80874.42,79843.59,80834.64,2673.67675
1778616000.0,80835.3,80896.25,80439.91,80504.47,893.55448
1778630400.0,80504.47,81299.99,80412.15,81249.99,1575.91837
1778644800.0,81249.99,81281.07,80889.12,81026.92,1495.76347
1778659200.0,81026.92,81324.64,80494.98,80501.22,1841.28298
1778673600.0,80501.22,80592.65,78807.22,78827.21,5073.46241
1778688000.0,78827.21,79800.0,78754.65,79642.41,3344.60077
1778702400.0,79642.41,79760.0,79228.0,79313.61,1479.02843
1778716800.0,79313.61,79681.73,78922.0,79044.85,2209.55472
1778731200.0,79044.86,79998.0,78982.06,79745.98,2068.97946
1778745600.0,79745.99,79936.98,79234.0,79258.27,1846.46215
1778760000.0,79258.27,81332.23,79230.31,81301.23,5702.09728
1778774400.0,81301.22,82048.13,81080.25,81419.74,6279.93607
1778788800.0,81419.75,81590.19,81059.93,81089.99,1620.83839
1778803200.0,81090.0,81664.45,80750.0,81059.15,2453.72559
1778817600.0,81059.15,81100.0,80314.0,80814.88,3091.1014
1778832000.0,80814.88,80822.95,80369.0,80628.53,1706.25967
1778846400.0,80628.52,80635.44,78659.0,79150.27,6208.56941
1778860800.0,79150.26,79561.94,79051.0,79146.5,1959.36078
1778875200.0,79146.5,79217.07,78911.42,79113.21,1932.25394
1778889600.0,79113.2,79227.77,79010.0,79083.18,1248.1828
1778904000.0,79083.19,79129.71,78066.0,78369.77,2404.82958
1778918400.0,78369.78,78530.52,77640.0,78081.71,3846.10003
1778932800.0,78080.46,78346.0,77833.4,78238.67,2684.35726
1778947200.0,78238.68,78364.65,78119.72,78259.66,1260.04581
1778961600.0,78259.67,78318.94,78125.32,78148.05,689.34644
1778976000.0,78148.05,78243.19,77721.19,78028.88,1284.92928
1778990400.0,78028.88,78323.96,78003.35,78180.01,952.09545
1779004800.0,78180.0,78599.99,78033.01,78415.99,1136.18338
1779019200.0,78415.99,78550.0,77850.0,78051.41,1115.91599
1779033600.0,78051.42,78468.46,77856.69,78415.3,837.07576
1779048000.0,78415.29,78485.36,76735.16,77457.67,3116.50234
1779062400.0,77457.67,77477.99,76707.61,76924.65,2888.01155
1779076800.0,76924.66,77089.29,76583.33,77073.69,2702.66726
1779091200.0,77073.69,77403.48,76668.58,77285.83,2052.55387
1779105600.0,77285.83,77800.0,76051.0,76409.46,6216.09738
1779120000.0,76409.46,76995.0,76144.24,76928.0,3295.85681
1779134400.0,76928.0,77222.79,76800.0,77001.87,1590.32991
1779148800.0,77001.88,77414.62,76487.83,76787.11,2006.76014
1779163200.0,76787.1,77278.57,76644.98,77233.69,1508.45954
1779177600.0,77233.68,77317.02,76633.83,76714.62,1745.68912
1779192000.0,76714.61,77048.72,76144.71,76521.23,3363.76947
1779206400.0,76521.24,77065.8,76407.72,76818.74,1634.99916
1779220800.0,76818.73,77040.83,76642.95,76834.36,765.18235
1779235200.0,76834.36,76922.46,76516.74,76723.54,1561.801
1779249600.0,76723.55,77472.21,76692.0,77282.64,2218.09189
1779264000.0,77282.65,77663.0,77210.33,77382.49,1682.41191
1779278400.0,77382.5,77853.04,76891.61,77455.46,3039.76807
1779292800.0,77455.45,77713.66,77018.38,77667.49,1712.28825
1779307200.0,77667.49,77766.6,77226.61,77552.23,1081.90195
1779321600.0,77552.24,78173.15,77525.0,78078.72,2263.9569
1779336000.0,78078.72,78180.01,77521.0,77889.01,1454.09234
1779350400.0,77889.01,78200.0,77147.15,77189.1,1934.87402
1779364800.0,77189.1,77402.12,76719.47,77259.46,2353.9044
1779379200.0,77259.45,78098.16,77008.75,77690.56,2693.31851
1779393600.0,77690.56,77813.35,77534.43,77615.52,618.11224
1779408000.0,77615.52,77817.8,77327.28,77779.98,884.30161
1779422400.0,77779.98,77900.0,77288.77,77408.06,1756.84353
1779436800.0,77408.07,77535.0,77184.45,77428.84,1436.53453
1779451200.0,77428.83,77584.94,76570.0,76790.59,2613.83665
1779465600.0,76790.6,77093.72,75668.76,75860.44,2815.05544
1779480000.0,75860.44,76087.85,75359.18,75539.5,1765.78958
1779494400.0,75539.5,75664.62,75220.0,75635.22,1896.10926
1779508800.0,75635.22,75650.63,74289.6,74609.36,2690.99014
1779523200.0,74609.37,74873.55,74303.56,74789.99,2509.09623
1779537600.0,74789.99,75726.3,74660.05,75520.0,2943.5001
1779552000.0,75519.99,76012.22,75371.72,75983.45,1772.27259
1779566400.0,75983.45,77404.18,75953.94,76752.01,3274.91982
1779580800.0,76752.0,77011.62,76629.02,76750.0,1051.70404
1779595200.0,76750.01,77065.94,76651.59,76799.99,817.66826
1779609600.0,76799.99,77543.15,76734.42,77320.06,1746.24676
1779624000.0,77320.06,77325.72,76195.36,76371.59,1982.25663
1779638400.0,76371.59,76799.99,76371.59,76773.34,882.04437
1779652800.0,76773.33,77225.97,76108.0,77064.96,1918.0815
1779667200.0,77064.96,77485.0,76914.25,77026.67,1368.4044
1779681600.0,77026.68,77650.0,76990.78,77401.12,1348.52945
1779696000.0,77401.11,77699.97,77280.32,77357.5,1214.44703
1779710400.0,77357.5,77905.52,77286.5,77628.82,1563.39696
1779724800.0,77628.82,77807.29,77343.61,77441.86,1121.16576
1779739200.0,77441.85,77500.0,77019.82,77322.01,1056.37837
1779753600.0,77322.01,77345.0,76475.59,76664.01,2145.81269
1779768000.0,76664.0,77059.74,76603.73,76730.84,2043.2043
1779782400.0,76730.84,77621.75,76586.94,77183.55,1896.99632
1779796800.0,77183.56,78080.0,76272.63,76518.1,4834.0846
1779811200.0,76518.1,76710.01,75779.3,76052.0,4688.69854
1779825600.0,76052.0,76180.0,75677.97,75930.01,1344.67984
1779840000.0,75930.01,76104.02,75607.62,75683.0,2404.25109
1779854400.0,75683.0,75980.0,75310.9,75977.17,2224.40852
1779868800.0,75977.16,76071.41,75710.76,75769.18,1291.66875
1779883200.0,75769.18,76174.15,74758.33,75326.01,5186.20338
1779897600.0,75326.02,75408.01,74663.45,75066.08,3165.53822
1779912000.0,75066.09,75415.81,74243.99,74449.3,2605.70487
1779926400.0,74449.31,74590.77,73060.59,73258.01,5727.94403
1779940800.0,73258.0,73512.14,72728.85,73498.0,4799.6102
1779955200.0,73498.0,73616.0,73193.13,73505.66,1994.38372
1779969600.0,73505.65,73580.75,72582.82,72928.73,4632.38493
1779984000.0,72928.73,73749.69,72741.4,73419.32,2524.28664
1779998400.0,73419.31,73949.22,73241.48,73617.51,1595.41074
1780012800.0,73617.52,73868.33,73189.11,73301.52,2123.30407
1780027200.0,73301.53,73939.19,73210.21,73528.56,2641.80699
1780041600.0,73528.55,73902.85,73341.85,73487.98,2197.79295
1780056000.0,73487.98,74200.0,72512.49,73808.26,4624.93207
1780070400.0,73808.25,74514.1,73187.25,73520.28,5596.86593
1780084800.0,73520.29,73844.0,73320.0,73460.78,1502.0394
1780099200.0,73460.78,73796.43,73408.62,73524.01,1539.64276
1780113600.0,73524.01,73709.91,73216.0,73548.6,1487.87007
1780128000.0,73548.6,73680.75,73500.02,73602.02,1076.47863
1780142400.0,73602.01,74100.0,73594.4,73930.14,1485.09864
1780156800.0,73930.13,74143.76,73811.3,74016.65,836.20775
1780171200.0,74016.64,74054.0,73781.3,73884.38,1090.11124
1780185600.0,73884.38,74275.66,73858.56,74150.64,1099.56261
1780200000.0,74150.64,74221.33,73836.0,73871.24,869.39106
1780214400.0,73871.25,74024.0,73699.2,73937.79,1250.59286
1780228800.0,73937.63,74023.99,73483.05,73655.21,1349.33176
1780243200.0,73655.2,73734.0,73400.0,73563.42,985.40321
1780257600.0,73563.41,74198.0,73500.0,73674.39,1432.17557
1780272000.0,73674.39,74092.0,73222.0,73769.06,1797.97503
1780286400.0,73769.06,73841.37,72704.0,72818.0,2313.7758
1780300800.0,72818.0,73095.64,72290.0,72479.99,4064.81004
1780315200.0,72480.0,72610.0,71066.33,71129.62,8608.45364
1780329600.0,71129.62,71800.73,70686.68,71595.24,4920.23395
1780344000.0,71595.24,71690.0,70840.9,71408.9,2215.84338
1780358400.0,71408.9,71408.9,70111.0,70953.69,3525.64758
1780372800.0,70953.7,71048.0,69733.0,70118.42,4217.43297
1780387200.0,70118.42,70172.0,69324.65,69461.72,3766.33037
1780401600.0,69461.73,69548.13,67076.0,67304.28,9534.68154
1780416000.0,67304.29,68146.3,66432.0,67315.14,5955.1383
1780430400.0,67315.14,67923.24,66193.0,66760.83,5858.9651
1780444800.0,66760.84,67204.15,65426.34,65849.9,5876.92165
1780459200.0,65849.9,67516.0,65834.0,67220.03,5699.32885
1780473600.0,67220.03,67476.69,66656.48,67067.37,3840.69634
1780488000.0,67067.37,67244.62,66076.0,66076.01,4537.71513
1780502400.0,66076.01,66373.18,65251.0,65462.0,4242.73831
1780516800.0,65461.99,65860.0,64092.49,64142.75,5940.90622
1780531200.0,64142.75,64540.3,61383.56,64363.49,16957.23407
1780545600.0,64363.49,64764.32,63492.89,63603.15,5000.68767
1780560000.0,63603.15,63904.63,62205.0,62545.99,8595.49118
1780574400.0,62546.0,64494.92,62392.0,63896.17,6185.98937
1780588800.0,63896.16,64163.93,62944.91,63629.38,3723.72569
1780603200.0,63629.38,63918.0,63106.04,63885.99,3114.04773
1780617600.0,63885.99,63978.0,62339.0,62730.0,4162.99809
1780632000.0,62730.0,63688.0,61126.01,63115.99,10733.42354
1780646400.0,63115.99,63259.9,61964.98,61964.99,4297.16406
1780660800.0,61964.99,62457.86,60000.0,60438.01,14801.01342
1780675200.0,60438.0,61547.24,59130.91,60300.24,13747.59231
1780689600.0,60300.24,62000.0,59940.01,61056.47,7285.09665
1780704000.0,61056.47,61530.05,60520.0,60687.04,2945.07914
1780718400.0,60687.05,61276.95,59500.0,61004.95,7062.57386
1780732800.0,61004.95,61500.0,60198.0,60802.91,3473.55766
1780747200.0,60802.9,61185.26,60396.0,60784.0,2291.49519
1780761600.0,60784.01,60971.24,60393.96,60600.01,2446.99506
1780776000.0,60600.0,61000.0,60429.09,60884.62,1575.88786
1780790400.0,60884.62,61778.33,60746.0,61701.07,2959.18911
1780804800.0,61701.06,62416.26,61482.46,62404.73,4903.20395
1780819200.0,62404.72,62960.0,62259.37,62621.96,4723.06235
1780833600.0,62621.97,62643.97,61577.12,62093.99,4554.1389
1780848000.0,62093.99,62332.0,61184.0,61328.0,2477.20723
1780862400.0,61327.99,64234.68,61217.17,63332.01,6995.30289
1780876800.0,63332.01,63863.06,62720.86,63130.12,3315.4618
1780891200.0,63130.12,63350.0,62408.0,63283.99,2834.18452
1780905600.0,63284.0,63873.08,62992.01,63479.61,3752.47446
1780920000.0,63479.62,64200.0,62718.3,63774.48,8126.80733
1780934400.0,63774.48,64046.86,63268.01,63372.01,2713.14128
1780948800.0,63372.01,63850.0,62978.66,63085.99,2311.31685
1780963200.0,63086.0,63184.0,62423.07,62875.17,3759.28744
1780977600.0,62875.18,63526.01,62748.0,63198.44,3708.0084
1780992000.0,63198.44,63208.86,62498.75,62711.12,2528.63515
1781006400.0,62711.12,62895.18,61037.0,61131.84,6183.44756
1781020800.0,61131.85,62103.39,60780.0,62098.09,4007.5249
1781035200.0,62098.09,62272.0,61556.0,61730.0,1449.31614
1781049600.0,61730.0,61974.7,61235.29,61549.64,1721.50899
1781064000.0,61549.64,61813.34,61080.0,61687.56,2220.41887
1781078400.0,61687.56,61736.0,60755.0,61034.04,2813.24386
1781092800.0,61034.04,62857.99,60960.0,62639.23,4783.79909
1781107200.0,62639.23,62646.0,61588.8,61942.44,2675.36915
1781121600.0,61942.45,61949.21,61104.24,61510.99,1784.37656
1781136000.0,61510.99,62848.0,61510.99,62689.48,2852.15258
1781150400.0,62689.47,62997.53,62544.89,62719.39,2483.01428
1781164800.0,62719.39,63257.21,62719.38,63108.0,2178.0981
1781179200.0,63108.01,63239.43,62500.0,62749.44,4338.30998
1781193600.0,62749.44,63933.02,62348.0,63605.68,4125.82489
1781208000.0,63605.69,63700.0,63270.0,63625.99,1403.54659
1781222400.0,63626.0,63810.01,63301.53,63524.82,2654.11007
1781236800.0,63524.81,63863.98,62829.81,63100.8,3225.69245
1781251200.0,63100.8,63953.84,63100.8,63766.01,2378.6864
1781265600.0,63766.01,64394.44,63045.29,63593.02,4102.13697
1781280000.0,63593.02,64111.1,63510.16,63589.27,2256.79665
1781294400.0,63589.28,63696.41,63400.0,63580.01,1779.62986
1781308800.0,63580.0,63840.0,63418.66,63532.0,1807.91855
1781323200.0,63532.0,63883.47,63484.0,63846.0,1539.29828
1781337600.0,63845.99,63984.53,63726.57,63971.28,1197.2171
1781352000.0,63971.28,64350.0,63921.33,64296.15,2169.16248
1781366400.0,64296.15,64333.62,63920.05,64296.59,1609.94419
1781380800.0,64296.59,64762.77,64226.38,64458.01,1637.20103
1781395200.0,64458.01,64710.0,64380.7,64545.3,1832.15643
1781409600.0,64545.3,64563.48,64214.0,64429.39,1779.79489
1781424000.0,64429.39,64664.0,64321.18,64546.0,842.29439
1781438400.0,64546.01,64560.66,63866.66,64025.07,1790.92239
1781452800.0,64025.06,64208.92,63678.83,63802.0,1240.64937
1781467200.0,63801.99,65800.0,63794.09,65746.45,5717.21628
1781481600.0,65746.45,65995.0,65354.0,65927.1,3254.30382
1781496000.0,65927.11,65927.11,65686.86,65702.0,226.01012
